Fecha\T¡tulo,CETES (Miles de Pesos),BONDES,BONDES D,BONOS,UDIBONOS,?CETES,?BONDES,?BONDES D,?BONOS,?UDIBONOS
Ene 1985,"994,601.00",0.00,0.00,0.00,0.00,,,,,
Feb 1985,"1,023,907.00",0.00,0.00,0.00,0.00,2.95,0.00,0.00,0.00,0.00
Mar 1985,"1,195,681.00",0.00,0.00,0.00,0.00,16.78,0.00,0.00,0.00,0.00
Abr 1985,"1,521,570.00",0.00,0.00,0.00,0.00,27.26,0.00,0.00,0.00,0.00
May 1985,"1,629,470.00",0.00,0.00,0.00,0.00,7.09,0.00,0.00,0.00,0.00
Jun 1985,"1,701,706.00",0.00,0.00,0.00,0.00,4.43,0.00,0.00,0.00,0.00
Jul 1985,"1,798,938.00",0.00,0.00,0.00,0.00,5.71,0.00,0.00,0.00,0.00
Ago 1985,"2,252,509.00",0.00,0.00,0.00,0.00,25.21,0.00,0.00,0.00,0.00
Sep 1985,"2,726,680.00",0.00,0.00,0.00,0.00,21.05,0.00,0.00,0.00,0.00
Oct 1985,"2,854,695.00",0.00,0.00,0.00,0.00,4.69,0.00,0.00,0.00,0.00
Nov 1985,"2,708,537.00",0.00,0.00,0.00,0.00,-5.12,0.00,0.00,0.00,0.00
Dic 1985,"2,360,320.00",0.00,0.00,0.00,0.00,-12.86,0.00,0.00,0.00,0.00
Ene 1986,"2,487,288.13",0.00,0.00,0.00,0.00,5.38,0.00,0.00,0.00,0.00
Feb 1986,"2,588,965.00",0.00,0.00,0.00,0.00,4.09,0.00,0.00,0.00,0.00
Mar 1986,"2,875,404.00",0.00,0.00,0.00,0.00,11.06,0.00,0.00,0.00,0.00
Abr 1986,"3,656,110.00",0.00,0.00,0.00,0.00,27.15,0.00,0.00,0.00,0.00
May 1986,"4,131,567.00",0.00,0.00,0.00,0.00,13.00,0.00,0.00,0.00,0.00
Jun 1986,"4,222,903.00",0.00,0.00,0.00,0.00,2.21,0.00,0.00,0.00,0.00
Jul 1986,"4,734,053.00",0.00,0.00,0.00,0.00,12.10,0.00,0.00,0.00,0.00
Ago 1986,"5,248,505.00",0.00,0.00,0.00,0.00,10.87,0.00,0.00,0.00,0.00
Sep 1986,"6,086,889.00",0.00,0.00,0.00,0.00,15.97,0.00,0.00,0.00,0.00
Oct 1986,"6,769,400.00",0.00,0.00,0.00,0.00,11.21,0.00,0.00,0.00,0.00
Nov 1986,"7,613,900.00",0.00,0.00,0.00,0.00,12.48,0.00,0.00,0.00,0.00
Dic 1986,"8,184,700.00",0.00,0.00,0.00,0.00,7.50,0.00,0.00,0.00,0.00
Ene 1987,"9,494,200.00",0.00,0.00,0.00,0.00,16.00,0.00,0.00,0.00,0.00
Feb 1987,"10,810,300.00",0.00,0.00,0.00,0.00,13.86,0.00,0.00,0.00,0.00
Mar 1987,"11,819,800.00",0.00,0.00,0.00,0.00,9.34,0.00,0.00,0.00,0.00
Abr 1987,"13,003,400.00",0.00,0.00,0.00,0.00,10.01,0.00,0.00,0.00,0.00
May 1987,"14,362,000.00",0.00,0.00,0.00,0.00,10.45,0.00,0.00,0.00,0.00
Jun 1987,"16,062,100.00",0.00,0.00,0.00,0.00,11.84,0.00,0.00,0.00,0.00
Jul 1987,"17,899,403.00",0.00,0.00,0.00,0.00,11.44,0.00,0.00,0.00,0.00
Ago 1987,"19,784,300.00",0.00,0.00,0.00,0.00,10.53,0.00,0.00,0.00,0.00
Sep 1987,"21,172,600.00",0.00,0.00,0.00,0.00,7.02,0.00,0.00,0.00,0.00
Oct 1987,"21,658,200.00","149,057.00",0.00,0.00,0.00,2.29,0.00,0.00,0.00,0.00
Nov 1987,"23,482,908.00","337,097.00",0.00,0.00,0.00,8.43,126.15,0.00,0.00,0.00
Dic 1987,"28,005,508.00","358,493.50",0.00,0.00,0.00,19.26,6.35,0.00,0.00,0.00
Ene 1988,"28,188,608.00","561,090.90",0.00,0.00,0.00,0.65,56.51,0.00,0.00,0.00
Feb 1988,"31,001,408.00","998,460.00",0.00,0.00,0.00,9.98,77.95,0.00,0.00,0.00
Mar 1988,"33,987,508.00","2,166,960.00",0.00,0.00,0.00,9.63,117.03,0.00,0.00,0.00
Abr 1988,"37,224,248.00","3,024,785.59",0.00,0.00,0.00,9.52,39.59,0.00,0.00,0.00
May 1988,"36,726,130.00","4,964,822.13",0.00,0.00,0.00,-1.34,64.14,0.00,0.00,0.00
Jun 1988,"37,129,767.00","6,476,894.00",0.00,0.00,0.00,1.10,30.46,0.00,0.00,0.00
Jul 1988,"37,432,471.00","6,816,437.00",0.00,0.00,0.00,0.82,5.24,0.00,0.00,0.00
Ago 1988,"39,467,468.00","7,352,775.00",0.00,0.00,0.00,5.44,7.87,0.00,0.00,0.00
Sep 1988,"39,561,395.00","8,715,677.00",0.00,0.00,0.00,0.24,18.54,0.00,0.00,0.00
Oct 1988,"38,548,345.00","11,552,964.00",0.00,0.00,0.00,-2.56,32.55,0.00,0.00,0.00
Nov 1988,"47,946,147.00","14,421,147.00",0.00,0.00,0.00,24.38,24.83,0.00,0.00,0.00
Dic 1988,"42,877,671.00","20,185,738.00",0.00,0.00,0.00,-10.57,39.97,0.00,0.00,0.00
Ene 1989,"43,491,354.00","25,147,626.00",0.00,0.00,0.00,1.43,24.58,0.00,0.00,0.00
Feb 1989,"44,216,816.00","28,937,904.00",0.00,0.00,0.00,1.67,15.07,0.00,0.00,0.00
Mar 1989,"54,046,530.00","32,147,360.00",0.00,0.00,0.00,22.23,11.09,0.00,0.00,0.00
Abr 1989,"58,459,568.00","35,151,975.00",0.00,0.00,0.00,8.17,9.35,0.00,0.00,0.00
May 1989,"51,582,949.00","41,567,568.00",0.00,0.00,0.00,-11.76,18.25,0.00,0.00,0.00
Jun 1989,"46,178,728.00","50,993,947.00",0.00,0.00,0.00,-10.48,22.68,0.00,0.00,0.00
Jul 1989,"45,303,186.00","56,729,696.00",0.00,0.00,0.00,-1.90,11.25,0.00,0.00,0.00
Ago 1989,"43,715,149.00","59,709,815.00",0.00,0.00,0.00,-3.51,5.25,0.00,0.00,0.00
Sep 1989,"43,068,525.00","61,120,175.00",0.00,0.00,0.00,-1.48,2.36,0.00,0.00,0.00
Oct 1989,"45,703,966.00","60,608,654.00",0.00,0.00,0.00,6.12,-0.84,0.00,0.00,0.00
Nov 1989,"46,711,031.00","57,959,226.00",0.00,0.00,0.00,2.20,-4.37,0.00,0.00,0.00
Dic 1989,"54,353,073.00","55,676,626.00",0.00,0.00,0.00,16.36,-3.94,0.00,0.00,0.00
Ene 1990,"61,074,059.00","54,929,195.00",0.00,0.00,0.00,12.37,-1.34,0.00,0.00,0.00
Feb 1990,"65,256,237.00","54,558,345.00",0.00,0.00,0.00,6.85,-0.68,0.00,0.00,0.00
Mar 1990,"72,103,943.00","54,591,165.00",0.00,0.00,0.00,10.49,0.06,0.00,0.00,0.00
Abr 1990,"67,707,995.00","56,058,562.00",0.00,0.00,0.00,-6.10,2.69,0.00,0.00,0.00
May 1990,"70,047,064.00","56,729,842.00",0.00,0.00,0.00,3.45,1.20,0.00,0.00,0.00
Jun 1990,"72,770,641.00","57,088,660.00",0.00,0.00,0.00,3.89,0.63,0.00,0.00,0.00
Jul 1990,"75,691,339.00","57,679,702.00",0.00,0.00,0.00,4.01,1.04,0.00,0.00,0.00
Ago 1990,"76,959,919.00","56,525,548.00",0.00,0.00,0.00,1.68,-2.00,0.00,0.00,0.00
Sep 1990,"73,070,840.00","57,261,983.00",0.00,0.00,0.00,-5.05,1.30,0.00,0.00,0.00
Oct 1990,"68,956,464.00","59,062,809.00",0.00,0.00,0.00,-5.63,3.14,0.00,0.00,0.00
Nov 1990,"67,837,054.00","63,073,653.00",0.00,0.00,0.00,-1.62,6.79,0.00,0.00,0.00
Dic 1990,"72,000,995.00","64,513,140.00",0.00,0.00,0.00,6.14,2.28,0.00,0.00,0.00
Ene 1991,"70,359,417.00","65,302,938.00",0.00,0.00,0.00,-2.28,1.22,0.00,0.00,0.00
Feb 1991,"71,173,655.00","64,978,263.00",0.00,0.00,0.00,1.16,-0.50,0.00,0.00,0.00
Mar 1991,"70,083,386.00","63,789,513.00",0.00,0.00,0.00,-1.53,-1.83,0.00,0.00,0.00
Abr 1991,"72,123,644.00","62,197,126.00",0.00,0.00,0.00,2.91,-2.50,0.00,0.00,0.00
May 1991,"76,338,309.00","55,861,199.00",0.00,0.00,0.00,5.84,-10.19,0.00,0.00,0.00
Jun 1991,"78,908,270.00","50,943,428.00",0.00,0.00,0.00,3.37,-8.80,0.00,0.00,0.00
Jul 1991,"83,936,385.00","47,682,440.00",0.00,0.00,0.00,6.37,-6.40,0.00,0.00,0.00
Ago 1991,"84,451,780.00","45,040,437.00",0.00,0.00,0.00,0.61,-5.54,0.00,0.00,0.00
Sep 1991,"80,324,794.00","51,503,672.00",0.00,0.00,0.00,-4.89,14.35,0.00,0.00,0.00
Oct 1991,"60,044,042.00","58,561,707.00",0.00,0.00,0.00,-25.25,13.70,0.00,0.00,0.00
Nov 1991,"63,483,698.00","58,279,218.00",0.00,0.00,0.00,5.73,-0.48,0.00,0.00,0.00
Dic 1991,"72,658,106.00","57,978,531.00",0.00,0.00,0.00,14.45,-0.52,0.00,0.00,0.00
Ene 1992,"68,481,188.00","58,742,129.00",0.00,0.00,0.00,-5.75,1.32,0.00,0.00,0.00
Feb 1992,"66,662,240.00","58,588,862.00",0.00,0.00,0.00,-2.66,-0.26,0.00,0.00,0.00
Mar 1992,"51,835,792.00","57,905,122.00",0.00,0.00,0.00,-22.24,-1.17,0.00,0.00,0.00
Abr 1992,"52,859,792.00","51,469,160.00",0.00,0.00,0.00,1.98,-11.11,0.00,0.00,0.00
May 1992,"57,031,930.00","43,415,638.00",0.00,0.00,0.00,7.89,-15.65,0.00,0.00,0.00
Jun 1992,"60,525,154.00","40,159,607.00",0.00,0.00,0.00,6.13,-7.50,0.00,0.00,0.00
Jul 1992,"67,893,299.00","32,878,190.00",0.00,0.00,0.00,12.17,-18.13,0.00,0.00,0.00
Ago 1992,"66,519,402.00","29,918,517.00",0.00,0.00,0.00,-2.02,-9.00,0.00,0.00,0.00
Sep 1992,"60,020,532.00","29,102,495.00",0.00,0.00,0.00,-9.77,-2.73,0.00,0.00,0.00
Oct 1992,"56,469,819.00","32,659,402.00",0.00,0.00,0.00,-5.92,12.22,0.00,0.00,0.00
Nov 1992,"53,862,613.00","36,191,086.00",0.00,0.00,0.00,-4.62,10.81,0.00,0.00,0.00
Dic 1992,"59,338,167.00","36,847,481.00",0.00,0.00,0.00,10.17,1.81,0.00,0.00,0.00
Ene 1993,"54,557,346.00","38,589,910.00",0.00,0.00,0.00,-8.06,4.73,0.00,0.00,0.00
Feb 1993,"51,173,394.00","38,584,168.00",0.00,0.00,0.00,-6.20,-0.01,0.00,0.00,0.00
Mar 1993,"54,355,904.00","37,444,528.00",0.00,0.00,0.00,6.22,-2.95,0.00,0.00,0.00
Abr 1993,"51,206,932.00","36,990,937.00",0.00,0.00,0.00,-5.79,-1.21,0.00,0.00,0.00
May 1993,"49,652,661.00","35,547,995.00",0.00,0.00,0.00,-3.04,-3.90,0.00,0.00,0.00
Jun 1993,"51,321,009.00","36,166,249.00",0.00,0.00,0.00,3.36,1.74,0.00,0.00,0.00
Jul 1993,"54,899,246.00","36,161,757.50",0.00,0.00,0.00,6.97,-0.01,0.00,0.00,0.00
Ago 1993,"57,589,925.00","34,216,863.00",0.00,0.00,0.00,4.90,-5.38,0.00,0.00,0.00
Sep 1993,"60,403,967.00","31,473,789.00",0.00,0.00,0.00,4.89,-8.02,0.00,0.00,0.00
Oct 1993,"64,198,494.00","26,088,221.25",0.00,0.00,0.00,6.28,-17.11,0.00,0.00,0.00
Nov 1993,"69,716,814.00","20,301,797.00",0.00,0.00,0.00,8.60,-22.18,0.00,0.00,0.00
Dic 1993,"81,430,712.00","17,035,777.50",0.00,0.00,0.00,16.80,-16.09,0.00,0.00,0.00
Ene 1994,"80,162,788.00","17,056,425.00",0.00,0.00,0.00,-1.56,0.12,0.00,0.00,0.00
Feb 1994,"89,355,763.00","16,759,883.50",0.00,0.00,0.00,11.47,-1.74,0.00,0.00,0.00
Mar 1994,"84,967,146.00","17,405,869.50",0.00,0.00,0.00,-4.91,3.85,0.00,0.00,0.00
Abr 1994,"74,732,371.00","17,435,309.25",0.00,0.00,0.00,-12.05,0.17,0.00,0.00,0.00
May 1994,"70,364,630.00","17,764,651.50",0.00,0.00,0.00,-5.84,1.89,0.00,0.00,0.00
Jun 1994,"67,149,013.00","17,300,619.00",0.00,0.00,0.00,-4.57,-2.61,0.00,0.00,0.00
Jul 1994,"54,362,657.00","16,998,309.50",0.00,0.00,0.00,-19.04,-1.75,0.00,0.00,0.00
Ago 1994,"52,932,348.00","17,039,780.00",0.00,0.00,0.00,-2.63,0.24,0.00,0.00,0.00
Sep 1994,"51,473,981.00","16,179,742.75",0.00,0.00,0.00,-2.76,-5.05,0.00,0.00,0.00
Oct 1994,"48,859,066.00","13,176,979.75",0.00,0.00,0.00,-5.08,-18.56,0.00,0.00,0.00
Nov 1994,"45,572,242.00","9,720,731.25",0.00,0.00,0.00,-6.73,-26.23,0.00,0.00,0.00
Dic 1994,"40,688,965.00","8,315,685.13",0.00,0.00,0.00,-10.72,-14.45,0.00,0.00,0.00
Ene 1995,"40,012,967.00","9,865,425.13",0.00,0.00,0.00,-1.66,18.64,0.00,0.00,0.00
Feb 1995,"42,781,722.00","11,157,912.13",0.00,0.00,0.00,6.92,13.10,0.00,0.00,0.00
Mar 1995,"42,992,491.00","18,387,755.50",0.00,0.00,0.00,0.49,64.80,0.00,0.00,0.00
Abr 1995,"41,694,196.00","26,800,162.25",0.00,0.00,0.00,-3.02,45.75,0.00,0.00,0.00
May 1995,"43,887,990.00","32,516,125.50",0.00,0.00,0.00,5.26,21.33,0.00,0.00,0.00
Jun 1995,"49,261,193.50","36,321,061.50",0.00,0.00,0.00,12.24,11.70,0.00,0.00,0.00
Jul 1995,"54,189,041.00","38,067,237.50",0.00,0.00,0.00,10.00,4.81,0.00,0.00,0.00
Ago 1995,"55,382,769.00","38,731,979.00",0.00,0.00,0.00,2.20,1.75,0.00,0.00,0.00
Sep 1995,"58,804,933.00","39,597,345.50",0.00,0.00,0.00,6.18,2.23,0.00,0.00,0.00
Oct 1995,"57,664,300.00","41,801,151.00",0.00,0.00,0.00,-1.94,5.57,0.00,0.00,0.00
Nov 1995,"49,519,766.50","46,646,914.00",0.00,0.00,0.00,-14.12,11.59,0.00,0.00,0.00
Dic 1995,"48,589,802.50","44,970,324.50",0.00,0.00,0.00,-1.88,-3.59,0.00,0.00,0.00
Ene 1996,"47,987,840.00","46,643,823.00",0.00,0.00,0.00,-1.24,3.72,0.00,0.00,0.00
Feb 1996,"44,369,300.00","48,476,314.00",0.00,0.00,0.00,-7.54,3.93,0.00,0.00,0.00
Mar 1996,"42,434,016.00","49,541,301.50",0.00,0.00,0.00,-4.36,2.20,0.00,0.00,0.00
Abr 1996,"44,988,179.50","50,572,330.50",0.00,0.00,0.00,6.02,2.08,0.00,0.00,0.00
May 1996,"51,261,330.50","50,755,683.50",0.00,0.00,"229,453.80",13.94,0.36,0.00,0.00,0.00
Jun 1996,"53,611,133.00","51,030,598.00",0.00,0.00,"775,602.70",4.58,0.54,0.00,0.00,238.02
Jul 1996,"55,012,536.50","52,868,547.00",0.00,0.00,"1,374,644.09",2.61,3.60,0.00,0.00,77.24
Ago 1996,"53,760,832.50","56,121,374.00",0.00,0.00,"1,903,686.91",-2.28,6.15,0.00,0.00,38.49
Sep 1996,"54,605,911.50","59,856,833.50",0.00,0.00,"2,433,662.09",1.57,6.66,0.00,0.00,27.84
Oct 1996,"57,250,388.00","62,261,560.50",0.00,0.00,"3,274,541.63",4.84,4.02,0.00,0.00,34.55
Nov 1996,"59,630,172.00","64,227,716.00",0.00,0.00,"4,071,391.38",4.16,3.16,0.00,0.00,24.33
Dic 1996,"62,114,111.00","67,848,976.00",0.00,0.00,"5,356,980.00",4.17,5.64,0.00,0.00,31.58
Ene 1997,"60,594,938.00","70,822,319.00",0.00,0.00,"7,251,846.75",-2.45,4.38,0.00,0.00,35.37
Feb 1997,"62,762,041.00","73,299,946.00",0.00,0.00,"9,776,911.25",3.58,3.50,0.00,0.00,34.82
Mar 1997,"63,011,246.00","73,527,942.00",0.00,0.00,"12,569,868.75",0.40,0.31,0.00,0.00,28.57
Abr 1997,"85,142,897.00","71,922,869.00",0.00,0.00,"15,685,078.75",35.12,-2.18,0.00,0.00,24.78
May 1997,"93,809,441.00","73,037,324.00",0.00,0.00,"17,610,115.75",10.18,1.55,0.00,0.00,12.27
Jun 1997,"99,831,546.00","75,535,997.00",0.00,0.00,"19,934,504.50",6.42,3.42,0.00,0.00,13.20
Jul 1997,"110,361,732.00","78,818,992.00",0.00,0.00,"22,787,038.50",10.55,4.35,0.00,0.00,14.31
Ago 1997,"119,515,251.00","81,544,255.00",0.00,0.00,"25,428,781.50",8.29,3.46,0.00,0.00,11.59
Sep 1997,"131,654,546.00","82,753,330.00",0.00,0.00,"27,808,471.00",10.16,1.48,0.00,0.00,9.36
Oct 1997,"136,621,793.00","82,950,839.00",0.00,0.00,"31,453,526.00",3.77,0.24,0.00,0.00,13.11
Nov 1997,"130,190,309.00","82,786,569.00",0.00,0.00,"33,600,075.00",-4.71,-0.20,0.00,0.00,6.82
Dic 1997,"137,812,544.00","81,768,269.00",0.00,0.00,"36,678,360.00",5.85,-1.23,0.00,0.00,9.16
Ene 1998,"146,646,129.00","80,915,785.10",0.00,0.00,"39,561,217.00",6.41,-1.04,0.00,0.00,7.86
Feb 1998,"154,393,062.60","82,328,921.90",0.00,0.00,"42,792,327.50",5.28,1.75,0.00,0.00,8.17
Mar 1998,"168,834,129.00","81,642,297.80",0.00,0.00,"45,002,930.50",9.35,-0.83,0.00,0.00,5.17
Abr 1998,"170,032,683.80","86,379,728.80",0.00,0.00,"49,250,663.10",0.71,5.80,0.00,0.00,9.44
May 1998,"167,084,991.80","86,658,826.00",0.00,0.00,"51,089,042.00",-1.73,0.32,0.00,0.00,3.73
Jun 1998,"171,900,645.90","87,793,552.40",0.00,0.00,"53,799,488.10",2.88,1.31,0.00,0.00,5.31
Jul 1998,"171,173,590.20","92,054,486.10",0.00,0.00,"57,370,948.70",-0.42,4.85,0.00,0.00,6.64
Ago 1998,"175,200,577.70","93,582,790.80",0.00,0.00,"58,862,763.80",2.35,1.66,0.00,0.00,2.60
Sep 1998,"153,955,849.70","96,293,990.30",0.00,0.00,"58,620,358.90",-12.13,2.90,0.00,0.00,-0.41
Oct 1998,"145,043,754.30","111,248,473.00",0.00,0.00,"60,739,031.20",-5.79,15.53,0.00,0.00,3.61
Nov 1998,"136,785,226.90","128,644,037.80",0.00,0.00,"60,988,566.00",-5.69,15.64,0.00,0.00,0.41
Dic 1998,"127,600,334.50","151,835,597.00",0.00,0.00,"62,833,444.00",-6.71,18.03,0.00,0.00,3.02
Ene 1999,"111,901,015.10","172,543,481.70",0.00,0.00,"64,646,880.60",-12.30,13.64,0.00,0.00,2.89
Feb 1999,"99,578,787.40","196,690,335.80",0.00,0.00,"66,299,419.30",-11.01,13.99,0.00,0.00,2.56
Mar 1999,"97,981,626.00","223,868,939.00",0.00,0.00,"69,175,742.10",-1.60,13.82,0.00,0.00,4.34
Abr 1999,"97,074,526.80","245,393,808.00",0.00,0.00,"71,810,875.70",-0.93,9.61,0.00,0.00,3.81
May 1999,"96,091,379.00","268,041,214.00",0.00,0.00,"69,764,055.90",-1.01,9.23,0.00,0.00,-2.85
Jun 1999,"91,449,740.00","278,034,078.00",0.00,0.00,"71,750,286.40",-4.83,3.73,0.00,0.00,2.85
Jul 1999,"94,037,188.00","279,499,680.00",0.00,0.00,"74,235,301.00",2.83,0.53,0.00,0.00,3.46
Ago 1999,"94,332,864.00","286,852,853.00",0.00,0.00,"75,321,933.00",0.31,2.63,0.00,0.00,1.46
Sep 1999,"101,204,232.00","296,703,609.00",0.00,0.00,"75,420,739.00",7.28,3.43,0.00,0.00,0.13
Oct 1999,"107,979,832.00","310,816,569.00",0.00,0.00,"78,631,278.00",6.69,4.76,0.00,0.00,4.26
Nov 1999,"115,565,986.00","325,014,728.00",0.00,0.00,"75,969,878.00",7.03,4.57,0.00,0.00,-3.38
Dic 1999,"129,044,534.00","337,270,992.00",0.00,0.00,"80,008,050.00",11.66,3.77,0.00,0.00,5.32
Ene 2000,"132,357,054.00","350,922,307.00",0.00,"968,635.50","82,065,826.00",2.57,4.05,0.00,0.00,2.57
Feb 2000,"136,886,061.00","364,333,344.00",0.00,"2,277,748.80","83,427,796.00",3.42,3.82,0.00,135.15,1.66
Mar 2000,"138,785,583.00","377,247,386.00",0.00,"3,636,044.00","85,490,470.00",1.39,3.54,0.00,59.63,2.47
Abr 2000,"141,870,603.00","384,547,104.00",0.00,"4,903,692.30","86,249,029.00",2.22,1.93,0.00,34.86,0.89
May 2000,"144,737,373.00","390,609,489.00",0.00,"7,219,115.50","81,833,010.00",2.02,1.58,0.00,47.22,-5.12
Jun 2000,"149,517,399.60","398,666,717.00",0.00,"8,566,490.00","84,810,455.00",3.30,2.06,0.00,18.66,3.64
Jul 2000,"156,988,510.30","411,066,119.00",0.00,"10,375,759.90","88,118,958.00",5.00,3.11,0.00,21.12,3.90
Ago 2000,"162,588,754.00","414,400,053.00",0.00,"14,687,230.00","85,508,996.00",3.57,0.81,0.00,41.55,-2.96
Sep 2000,"164,817,088.00","417,313,987.00",0.00,"18,926,049.70","85,512,452.00",1.37,0.70,0.00,28.86,0.00
Oct 2000,"171,285,744.00","415,038,892.00",0.00,"24,698,610.00","86,279,256.00",3.92,-0.55,0.00,30.50,0.90
Nov 2000,"176,033,429.00","420,591,841.00",0.00,"30,182,686.10","84,624,747.00",2.77,1.34,0.00,22.20,-1.92
Dic 2000,"175,068,861.00","420,255,890.00",0.00,"34,870,115.70","86,644,593.00",-0.55,-0.08,0.00,15.53,2.39
Ene 2001,"176,734,008.00","416,870,687.00",0.00,"35,176,920.00","88,199,283.00",0.95,-0.81,0.00,0.88,1.79
Feb 2001,"178,155,209.00","415,849,429.00",0.00,"40,785,746.40","84,553,716.00",0.80,-0.24,0.00,15.94,-4.13
Mar 2001,"178,431,020.00","408,152,372.00",0.00,"49,876,000.00","83,594,041.00",0.15,-1.85,0.00,22.29,-1.13
Abr 2001,"177,844,787.00","399,917,995.00",0.00,"58,165,090.00","85,900,017.00",-0.33,-2.02,0.00,16.62,2.76
May 2001,"181,213,163.00","386,894,036.00",0.00,"67,196,100.00","85,263,571.00",1.89,-3.26,0.00,15.53,-0.74
Jun 2001,"184,955,851.00","380,928,044.00",0.00,"73,602,710.00","85,993,349.00",2.07,-1.54,0.00,9.53,0.86
Jul 2001,"186,520,381.00","377,777,234.90",0.00,"79,959,908.30","87,729,087.70",0.85,-0.83,0.00,8.64,2.02
Ago 2001,"191,502,541.00","378,019,209.00",0.00,"92,292,090.80","86,981,822.80",2.67,0.06,0.00,15.42,-0.85
Sep 2001,"190,669,832.00","357,558,568.10",0.00,"91,705,374.80","88,365,923.60",-0.43,-5.41,0.00,-0.64,1.59
Oct 2001,"192,105,231.00","364,442,219.10",0.00,"105,259,093.80","90,825,243.70",0.75,1.93,0.00,14.78,2.78
Nov 2001,"190,554,205.00","353,205,062.90",0.00,"112,494,484.50","92,296,239.70",-0.81,-3.08,0.00,6.87,1.62
Dic 2001,"196,673,885.20","348,988,019.10",0.00,"122,329,819.40","94,846,729.90",3.21,-1.19,0.00,8.74,2.76
Ene 2002,"195,020,646.00","346,848,723.00",0.00,"136,089,921.20","96,061,853.60",-0.84,-0.61,0.00,11.25,1.28
Feb 2002,"205,518,964.00","353,552,469.00",0.00,"142,295,077.80","94,235,865.70",5.38,1.93,0.00,4.56,-1.90
Mar 2002,"203,177,451.00","357,189,603.00",0.00,"146,867,513.60","97,060,764.70",-1.14,1.03,0.00,3.21,3.00
Abr 2002,"207,256,360.80","361,113,140.00",0.00,"158,083,915.60","99,579,627.10",2.01,1.10,0.00,7.64,2.60
May 2002,"200,651,301.00","366,125,011.00",0.00,"170,659,810.50","97,382,807.10",-3.19,1.39,0.00,7.96,-2.21
Jun 2002,"202,815,953.20","366,595,915.00",0.00,"182,583,923.00","98,270,666.40",1.08,0.13,0.00,6.99,0.91
Jul 2002,"199,465,802.00","364,978,888.10",0.00,"182,576,275.90","98,794,018.20",-1.65,-0.44,0.00,0.00,0.53
Ago 2002,"204,241,709.00","363,051,034.00",0.00,"195,525,576.20","96,872,038.60",2.39,-0.53,0.00,7.09,-1.95
Sep 2002,"197,068,029.00","355,651,071.00",0.00,"198,125,500.00","95,312,220.50",-3.51,-2.04,0.00,1.33,-1.61
Oct 2002,"198,785,886.00","355,174,807.00",0.00,"211,148,272.90","96,189,270.20",0.87,-0.13,0.00,6.57,0.92
Nov 2002,"208,282,369.00","351,174,398.90",0.00,"220,113,256.30","96,502,195.00",4.78,-1.13,0.00,4.25,0.33
Dic 2002,"197,438,671.00","343,345,208.00",0.00,"235,088,795.90","99,767,654.40",-5.21,-2.23,0.00,6.80,3.38
Ene 2003,"206,100,530.00","341,401,610.00",0.00,"229,034,961.10","81,105,373.40",4.39,-0.57,0.00,-2.58,-18.71
Feb 2003,"200,241,615.50","342,232,009.90",0.00,"238,135,279.10","81,873,908.80",-2.84,0.24,0.00,3.97,0.95
Mar 2003,"206,770,805.00","338,865,600.30",0.00,"243,841,764.00","81,835,830.20",3.26,-0.98,0.00,2.40,-0.05
Abr 2003,"201,361,164.00","339,492,310.20",0.00,"258,181,374.70","81,897,271.90",-2.62,0.18,0.00,5.88,0.08
May 2003,"209,384,484.90","336,090,960.60",0.00,"277,394,664.40","84,437,116.50",3.98,-1.00,0.00,7.44,3.10
Jun 2003,"205,622,274.10","342,513,449.40",0.00,"288,815,525.40","86,838,944.90",-1.80,1.91,0.00,4.12,2.84
Jul 2003,"211,446,094.10","344,247,479.50",0.00,"308,972,829.00","86,459,503.20",2.83,0.51,0.00,6.98,-0.44
Ago 2003,"206,959,218.90","351,474,730.10",0.00,"310,315,525.40","86,750,950.20",-2.12,2.10,0.00,0.43,0.34
Sep 2003,"216,028,460.90","358,623,220.50",0.00,"320,238,954.30","89,989,682.30",4.38,2.03,0.00,3.20,3.73
Oct 2003,"218,467,209.00","359,673,529.60",0.00,"338,031,462.10","91,646,261.60",1.13,0.29,0.00,5.56,1.84
Nov 2003,"210,001,359.00","363,585,040.20",0.00,"352,283,971.30","92,233,991.10",-3.88,1.09,0.00,4.22,0.64
Dic 2003,"212,913,027.00","355,993,559.80",0.00,"360,899,370.90","94,650,908.40",1.39,-2.09,0.00,2.45,2.62
Ene 2004,"214,794,337.00","360,839,600.30",0.00,"364,533,157.40","77,988,780.20",0.88,1.36,0.00,1.01,-17.60
Feb 2004,"232,529,884.00","346,328,509.90",0.00,"371,723,388.20","79,734,885.00",8.26,-4.02,0.00,1.97,2.24
Mar 2004,"236,619,471.00","351,973,429.90",0.00,"381,517,324.40","79,794,495.90",1.76,1.63,0.00,2.63,0.07
Abr 2004,"247,944,348.80","341,273,950.10",0.00,"389,608,981.40","78,660,678.10",4.79,-3.04,0.00,2.12,-1.42
May 2004,"248,480,659.00","345,221,170.00",0.00,"390,431,276.30","80,456,528.80",0.22,1.16,0.00,0.21,2.28
Jun 2004,"257,630,341.00","331,831,059.90",0.00,"392,610,588.80","78,904,401.90",3.68,-3.88,0.00,0.56,-1.93
Jul 2004,"257,597,675.00","333,600,249.70",0.00,"403,198,031.10","78,146,742.70",-0.01,0.53,0.00,2.70,-0.96
Ago 2004,"263,073,142.00","320,112,190.20",0.00,"419,598,256.30","80,206,258.50",2.13,-4.04,0.00,4.07,2.64
Sep 2004,"253,889,034.00","323,239,560.40",0.00,"407,147,898.80","83,759,535.80",-3.49,0.98,0.00,-2.97,4.43
Oct 2004,"246,323,830.20","310,002,939.70",0.00,"427,841,086.60","85,737,237.00",-2.98,-4.09,0.00,5.08,2.36
Nov 2004,"250,333,697.00","312,868,510.40",0.00,"437,721,431.80","87,425,641.50",1.63,0.92,0.00,2.31,1.97
Dic 2004,"251,497,975.00","316,298,730.40",0.00,"426,866,818.00","89,799,649.30",0.47,1.10,0.00,-2.48,2.72
Ene 2005,"260,928,468.00","296,863,270.50",0.00,"445,833,813.20","90,968,968.40",3.75,-6.14,0.00,4.44,1.30
Feb 2005,"253,744,739.00","298,820,879.80",0.00,"450,367,129.60","76,583,694.00",-2.75,0.66,0.00,1.02,-15.81
Mar 2005,"264,520,049.30","301,455,770.60",0.00,"457,414,846.40","78,534,045.90",4.25,0.88,0.00,1.56,2.55
Abr 2005,"265,150,470.30","298,025,490.00",0.00,"474,758,234.80","78,773,706.80",0.24,-1.14,0.00,3.79,0.31
May 2005,"280,317,677.00","301,213,620.10",0.00,"468,850,712.70","81,478,658.90",5.72,1.07,0.00,-1.24,3.43
Jun 2005,"282,311,751.00","304,132,779.00",0.00,"478,424,830.00","85,186,750.70",0.71,0.97,0.00,2.04,4.55
Jul 2005,"292,275,105.00","295,363,644.10",0.00,"490,831,950.00","87,347,796.00",3.53,-2.88,0.00,2.59,2.54
Ago 2005,"293,553,063.00","297,770,042.00",0.00,"516,041,350.00","90,748,188.90",0.44,0.81,0.00,5.14,3.89
Sep 2005,"293,297,239.00","299,635,318.00",0.00,"537,184,940.00","94,989,289.00",-0.09,0.63,0.00,4.10,4.67
Oct 2005,"291,827,992.00","291,232,525.00",0.00,"559,280,520.00","96,150,157.00",-0.50,-2.80,0.00,4.11,1.22
Nov 2005,"290,858,634.00","293,224,678.00",0.00,"580,168,120.00","99,074,898.00",-0.33,0.68,0.00,3.73,3.04
Dic 2005,"300,028,437.00","294,786,210.00",0.00,"563,353,220.00","101,606,859.00",3.15,0.53,0.00,-2.90,2.56
Ene 2006,"304,623,697.00","280,394,307.00",0.00,"593,266,220.00","106,990,428.00",1.53,-4.88,0.00,5.31,5.30
Feb 2006,"312,848,116.00","280,092,794.00",0.00,"619,287,410.00","112,243,074.00",2.70,-0.11,0.00,4.39,4.91
Mar 2006,"303,890,804.00","265,356,737.00",0.00,"608,701,110.00","116,366,175.00",-2.86,-5.26,0.00,-1.71,3.67
Abr 2006,"311,719,735.00","265,341,834.00",0.00,"627,922,630.00","119,854,674.00",2.58,-0.01,0.00,3.16,3.00
May 2006,"309,469,406.00","265,502,136.00",0.00,"646,083,500.00","121,916,487.00",-0.72,0.06,0.00,2.89,1.72
Jun 2006,"324,953,401.00","249,339,373.00",0.00,"654,170,940.00","127,020,371.00",5.00,-6.09,0.00,1.25,4.19
Jul 2006,"318,552,044.00","248,823,194.00",0.00,"682,409,570.00","134,155,629.00",-1.97,-0.21,0.00,4.32,5.62
Ago 2006,"320,898,104.00","233,189,150.00","144,162,736.00","694,723,750.00","142,814,952.00",0.74,-6.28,0.00,1.80,6.45
Sep 2006,"332,081,164.00","233,334,340.00","156,215,194.00","721,558,630.00","149,636,640.00",3.48,0.06,8.36,3.86,4.78
Oct 2006,"336,666,960.00","233,305,310.00","171,344,246.00","761,436,150.00","156,694,899.00",1.38,-0.01,9.68,5.53,4.72
Nov 2006,"359,415,679.00","218,933,120.00","189,438,885.00","819,086,000.00","162,767,181.00",6.76,-6.16,10.56,7.57,3.88
Dic 2006,"358,824,016.00","219,214,690.00","204,505,712.00","814,660,490.00","170,705,421.00",-0.16,0.13,7.95,-0.54,4.88
Ene 2007,"368,183,710.00","203,873,680.00","221,435,902.00","824,743,960.00","173,572,235.00",2.61,-7.00,8.28,1.24,1.68
Feb 2007,"369,333,878.00","203,562,910.00","238,713,748.00","842,110,450.00","181,731,146.00",0.31,-0.15,7.80,2.11,4.70
Mar 2007,"370,054,305.00","187,219,380.00","260,345,525.00","851,235,800.00","195,564,348.00",0.20,-8.03,9.06,1.08,7.61
Abr 2007,"365,946,726.00","186,792,390.00","279,332,910.00","880,480,120.00","202,957,908.00",-1.11,-0.23,7.29,3.44,3.78
May 2007,"367,610,478.00","187,306,390.00","302,762,019.00","929,096,270.00","211,370,097.00",0.45,0.28,8.39,5.52,4.14
Jun 2007,"353,997,250.00","171,555,810.00","321,812,837.00","915,965,820.00","212,668,458.00",-3.70,-8.41,6.29,-1.41,0.61
Jul 2007,"353,847,257.00","171,134,830.00","337,071,102.00","942,726,220.00","220,659,626.00",-0.04,-0.25,4.74,2.92,3.76
Ago 2007,"350,300,912.00","155,510,470.00","315,347,089.00","947,689,550.00","226,567,019.00",-1.00,-9.13,-6.44,0.53,2.68
Sep 2007,"357,653,550.00","155,827,420.00","326,275,926.00","990,582,140.00","233,109,194.00",2.10,0.20,3.47,4.53,2.89
Oct 2007,"356,407,665.00","139,954,120.00","331,281,488.00","1,037,286,260.00","241,606,519.00",-0.35,-10.19,1.53,4.71,3.65
Nov 2007,"350,699,548.00","140,163,070.00","345,081,396.00","1,051,566,020.00","252,010,090.00",-1.60,0.15,4.17,1.38,4.31
Dic 2007,"352,643,870.00","140,668,110.00","355,150,314.00","975,811,930.00","258,124,176.00",0.55,0.36,2.92,-7.20,2.43
Ene 2008,"342,116,176.00","122,925,300.00","364,662,381.00","1,032,041,900.00","267,678,986.00",-2.99,-12.61,2.68,5.76,3.70
Feb 2008,"345,762,828.00","123,253,630.00","369,789,056.00","1,066,515,280.00","276,934,989.00",1.07,0.27,1.41,3.34,3.46
Mar 2008,"333,546,790.00","106,847,670.00","376,166,673.00","1,098,415,230.00","285,101,825.00",-3.53,-13.31,1.72,2.99,2.95
Abr 2008,"340,548,009.00","106,453,460.00","382,890,943.00","1,073,940,500.00","292,485,637.00",2.10,-0.37,1.79,-2.23,2.59
May 2008,"334,580,265.00","89,947,120.00","388,032,913.00","1,093,858,070.00","296,694,595.00",-1.75,-15.51,1.34,1.85,1.44
Jun 2008,"340,174,467.00","90,024,560.00","398,213,909.00","1,031,223,340.00","290,335,931.00",1.67,0.09,2.62,-5.73,-2.14
Jul 2008,"336,145,110.00","73,777,170.00","410,966,027.00","1,075,819,200.00","304,281,457.00",-1.18,-18.05,3.20,4.32,4.80
Ago 2008,"331,636,027.00","73,906,340.00","387,002,811.00","1,122,799,460.00","318,215,628.00",-1.34,0.18,-5.83,4.37,4.58
Sep 2008,"336,421,143.00","74,417,150.00","397,077,710.00","1,134,968,660.00","325,391,837.00",1.44,0.69,2.60,1.08,2.26
Oct 2008,"344,314,551.00","59,156,120.00","399,626,929.00","1,142,264,910.00","332,520,966.00",2.35,-20.51,0.64,0.64,2.19
Nov 2008,"362,996,258.00","59,512,510.00","418,078,612.00","1,162,003,350.00","329,608,979.00",5.43,0.60,4.62,1.73,-0.88
Dic 2008,"368,911,644.00","59,517,100.00","433,778,933.00","1,148,938,450.00","350,616,474.00",1.63,0.01,3.76,-1.12,6.37
Ene 2009,"397,524,409.00","44,524,710.00","448,411,117.00","1,206,193,140.00","365,687,855.00",7.76,-25.19,3.37,4.98,4.30
Feb 2009,"398,034,887.00","44,253,190.00","459,426,898.00","1,179,496,880.00","362,178,333.00",0.13,-0.61,2.46,-2.21,-0.96
Mar 2009,"417,886,929.00","44,646,760.00","470,649,474.00","1,248,405,340.00","384,597,731.00",4.99,0.89,2.44,5.84,6.19
Abr 2009,"445,208,722.00","32,429,430.00","473,744,447.00","1,294,659,530.00","402,295,854.00",6.54,-27.36,0.66,3.71,4.60
May 2009,"472,708,964.00","32,611,250.00","480,619,473.00","1,305,699,740.00","415,433,693.00",6.18,0.56,1.45,0.85,3.27
Jun 2009,"469,072,157.00","32,298,270.00","484,203,710.00","1,277,494,830.00","414,584,603.00",-0.77,-0.96,0.75,-2.16,-0.20
Jul 2009,"483,219,229.00","32,082,960.00","491,701,482.00","1,305,414,230.00","430,020,130.00",3.02,-0.67,1.55,2.19,3.72
Ago 2009,"502,558,937.00","20,793,700.00","483,375,096.00","1,322,799,490.00","444,175,938.00",4.00,-35.19,-1.69,1.33,3.29
Sep 2009,"511,178,927.00","20,877,700.00","488,484,638.00","1,359,458,240.00","458,072,819.00",1.72,0.40,1.06,2.77,3.13
Oct 2009,"525,558,519.00","20,965,880.00","471,732,267.00","1,391,753,070.00","448,704,591.00",2.81,0.42,-3.43,2.38,-2.05
Nov 2009,"524,123,170.00","21,069,910.00","476,319,715.00","1,424,772,420.00","458,577,798.00",-0.27,0.50,0.97,2.37,2.20
Dic 2009,"512,568,049.00","20,852,930.00","468,387,865.00","1,299,735,070.00","466,402,740.00",-2.20,-1.03,-1.67,-8.78,1.71
Ene 2010,"505,806,036.00","11,090,550.00","473,779,661.00","1,330,436,140.00","478,965,044.00",-1.32,-46.82,1.15,2.36,2.69
Feb 2010,"508,495,713.00","11,131,100.00","465,162,551.00","1,400,638,000.00","488,845,318.00",0.53,0.37,-1.82,5.28,2.06
Mar 2010,"517,315,271.00","11,176,260.00","469,670,681.00","1,449,755,570.00","515,303,865.00",1.73,0.41,0.97,3.51,5.41
Abr 2010,"532,584,516.00","11,220,560.00","457,037,190.00","1,496,826,340.00","526,694,829.00",2.95,0.40,-2.69,3.25,2.21
May 2010,"523,393,993.00","11,263,750.00","460,288,830.00","1,529,321,970.00","536,236,718.00",-1.73,0.38,0.71,2.17,1.81
Jun 2010,"540,139,318.00",0.00,"448,695,947.00","1,528,131,540.00","554,151,786.00",3.20,0.00,-2.52,-0.08,3.34
Jul 2010,"506,302,358.00",0.00,"452,145,434.00","1,605,965,610.00","582,339,414.00",-6.26,0.00,0.77,5.09,5.09
Ago 2010,"495,978,783.00",0.00,"396,796,248.00","1,640,689,830.00","596,237,930.00",-2.04,0.00,-12.24,2.16,2.39
Sep 2010,"502,403,396.00",0.00,"398,672,368.00","1,699,167,510.00","623,244,824.00",1.30,0.00,0.47,3.56,4.53
Oct 2010,"466,605,911.00",0.00,"389,926,178.00","1,730,353,430.00","641,318,185.00",-7.13,0.00,-2.19,1.84,2.90
Nov 2010,"457,681,850.00",0.00,"399,995,409.00","1,715,106,130.00","621,251,328.00",-1.91,0.00,2.58,-0.88,-3.13
Dic 2010,"557,122,523.00",0.00,"400,248,684.00","1,612,492,190.00","583,070,736.00",21.73,0.00,0.06,-5.98,-6.15
Ene 2011,"564,116,899.00",0.00,"419,152,490.00","1,617,246,920.00","556,039,031.42",1.26,0.00,4.72,0.29,-4.64
Feb 2011,"537,549,369.00",0.00,"430,076,299.00","1,660,567,130.00","558,879,566.61",-4.71,0.00,2.61,2.68,0.51
Mar 2011,"536,815,279.00",0.00,"442,893,128.00","1,685,020,470.00","578,246,199.32",-0.14,0.00,2.98,1.47,3.47
Abr 2011,"540,714,531.00",0.00,"469,535,340.00","1,737,582,000.00","607,622,173.04",0.73,0.00,6.02,3.12,5.08
May 2011,"563,173,731.00",0.00,"496,364,353.00","1,797,896,960.00","624,186,063.14",4.15,0.00,5.71,3.47,2.73
Jun 2011,"631,863,911.00",0.00,"521,736,102.00","1,731,058,650.00","619,768,312.44",12.20,0.00,5.11,-3.72,-0.71
Jul 2011,"631,249,289.00",0.00,"551,424,350.00","1,782,574,960.00","648,915,750.25",-0.10,0.00,5.69,2.98,4.70
Ago 2011,"641,253,637.00",0.00,"583,214,879.00","1,867,832,840.00","671,352,995.61",1.58,0.00,5.77,4.78,3.46
Sep 2011,"631,358,387.00",0.00,"624,066,479.00","1,873,553,510.00","681,343,804.64",-1.54,0.00,7.00,0.31,1.49
Oct 2011,"663,557,505.00",0.00,"642,203,405.00","1,938,202,850.00","703,134,775.61",5.10,0.00,2.91,3.45,3.20
Nov 2011,"672,703,965.00",0.00,"669,719,839.00","1,939,363,210.00","698,447,450.90",1.38,0.00,4.28,0.06,-0.67
Dic 2011,"696,021,621.00",0.00,"697,612,905.00","1,779,167,910.00","703,112,134.53",3.47,0.00,4.16,-8.26,0.67
Ene 2012,"709,075,641.00",0.00,"717,206,613.00","1,856,945,970.00","740,844,641.33",1.88,0.00,2.81,4.37,5.37
Feb 2012,"713,388,904.00",0.00,"731,003,502.00","1,876,542,790.00","745,409,701.47",0.61,0.00,1.92,1.06,0.62
Mar 2012,"717,404,058.00",0.00,"760,491,700.00","1,878,473,940.00","733,041,745.72",0.56,0.00,4.03,0.10,-1.66
Abr 2012,"730,606,601.00",0.00,"767,828,878.00","1,938,976,880.00","769,564,273.96",1.84,0.00,0.96,3.22,4.98
May 2012,"736,034,482.00",0.00,"797,042,080.00","1,987,027,290.00","793,282,123.34",0.74,0.00,3.80,2.48,3.08
Jun 2012,"830,590,862.00",0.00,"805,567,188.00","1,933,380,010.00","793,012,906.94",12.85,0.00,1.07,-2.70,-0.03
Jul 2012,"843,479,069.00",0.00,"829,106,658.00","2,016,770,060.00","847,316,995.46",1.55,0.00,2.92,4.31,6.85
Ago 2012,"844,725,941.00",0.00,"840,444,323.00","2,032,233,540.00","848,340,510.39",0.15,0.00,1.37,0.77,0.12
Sep 2012,"835,698,625.00",0.00,"863,347,613.00","2,094,545,170.00","897,283,082.49",-1.07,0.00,2.73,3.07,5.77
Oct 2012,"818,344,661.00",0.00,"870,533,037.00","2,107,971,910.00","901,641,254.72",-2.08,0.00,0.83,0.64,0.49
Nov 2012,"825,120,087.00",0.00,"882,923,911.00","2,172,575,220.00","910,529,982.95",0.83,0.00,1.42,3.06,0.99
Dic 2012,"811,949,232.00",0.00,"906,536,690.00","2,057,523,200.00","887,076,081.14",-1.60,0.00,2.67,-5.30,-2.58
Ene 2013,"833,617,276.00",0.00,"918,593,404.00","2,144,757,170.00","906,472,844.56",2.67,0.00,1.33,4.24,2.19
Feb 2013,"814,954,179.00",0.00,"938,179,731.00","2,211,987,180.00","928,256,738.42",-2.24,0.00,2.13,3.13,2.40
Mar 2013,"832,860,377.00",0.00,"944,970,093.00","2,283,164,340.00","968,674,952.42",2.20,0.00,0.72,3.22,4.35
Abr 2013,"833,265,051.00",0.00,"964,840,337.00","2,400,955,770.00","1,017,355,469.89",0.05,0.00,2.10,5.16,5.03
May 2013,"830,198,602.00",0.00,"977,286,254.00","2,342,302,570.00","966,145,401.15",-0.37,0.00,1.29,-2.44,-5.03
Jun 2013,"848,758,847.00",0.00,"996,296,058.00","2,157,686,280.00","920,266,219.19",2.24,0.00,1.95,-7.88,-4.75
Jul 2013,"836,197,088.00",0.00,"1,002,079,815.00","2,162,237,470.00","926,917,807.76",-1.48,0.00,0.58,0.21,0.72
Ago 2013,"826,331,664.00",0.00,"1,025,046,313.00","2,195,879,320.00","944,916,030.54",-1.18,0.00,2.29,1.56,1.94
Sep 2013,"825,114,764.00",0.00,"1,020,547,344.00","2,273,845,260.00","987,510,144.24",-0.15,0.00,-0.44,3.55,4.51
Oct 2013,"801,738,741.00",0.00,"1,047,131,194.00","2,321,806,650.00","999,107,876.77",-2.83,0.00,2.60,2.11,1.17
Nov 2013,"812,844,225.00",0.00,"1,041,339,691.00","2,350,458,960.00","1,009,678,737.00",1.39,0.00,-0.55,1.23,1.06
Dic 2013,"952,083,488.00",0.00,"1,062,618,241.00","2,195,673,170.00","940,121,448.91",17.13,0.00,2.04,-6.59,-6.89
Ene 2014,"932,882,905.00",0.00,"1,056,127,131.00","2,248,849,270.00","955,395,576.25",-2.02,0.00,-0.61,2.42,1.62
Feb 2014,"956,900,614.00",0.00,"1,073,680,631.00","2,319,749,150.00","993,685,435.59",2.57,0.00,1.66,3.15,4.01
Mar 2014,"946,211,632.00",0.00,"1,061,451,921.00","2,441,285,770.00","1,022,478,735.96",-1.12,0.00,-1.14,5.24,2.90
Abr 2014,"919,519,073.00",0.00,"1,085,599,472.00","2,485,037,040.00","1,045,741,414.86",-2.82,0.00,2.27,1.79,2.28
May 2014,"934,855,798.00",0.00,"1,077,565,806.00","2,582,843,830.00","1,099,177,093.75",1.67,0.00,-0.74,3.94,5.11
Jun 2014,"950,274,325.00",0.00,"1,095,528,942.00","2,516,980,300.00","1,114,603,830.42",1.65,0.00,1.67,-2.55,1.40
Jul 2014,"969,719,374.00",0.00,"1,088,954,634.00","2,568,079,370.00","1,140,443,329.50",2.05,0.00,-0.60,2.03,2.32
Ago 2014,"906,624,711.00",0.00,"1,107,413,102.00","2,619,175,190.00","1,164,393,634.77",-6.51,0.00,1.70,1.99,2.10
Sep 2014,"924,657,265.00",0.00,"1,098,175,133.00","2,606,418,530.00","1,152,800,391.38",1.99,0.00,-0.83,-0.49,-1.00
Oct 2014,"954,670,766.00",0.00,"1,130,878,883.00","2,659,349,000.00","1,191,288,323.41",3.25,0.00,2.98,2.03,3.34
Nov 2014,"1,014,380,685.00",0.00,"1,127,945,718.00","2,738,821,490.00","1,216,787,317.33",6.25,0.00,-0.26,2.99,2.14
Dic 2014,"1,010,576,883.00",0.00,"1,158,342,391.00","2,638,704,980.00","1,128,037,733.70",-0.37,0.00,2.69,-3.66,-7.29
Ene 2015,"1,007,175,594.00",0.00,"1,162,945,251.00","2,772,161,980.00","1,156,340,606.42",-0.34,0.00,0.40,5.06,2.51
Feb 2015,"1,000,552,894.00",0.00,"1,192,969,701.00","2,758,787,440.00","1,155,796,601.79",-0.66,0.00,2.58,-0.48,-0.05
Mar 2015,"1,029,728,007.00",0.00,"1,199,733,260.00","2,773,422,540.00","1,147,390,258.32",2.92,0.00,0.57,0.53,-0.73
Abr 2015,"1,026,579,013.00",0.00,"1,192,960,265.00","2,808,958,770.00","1,165,020,119.85",-0.31,0.00,-0.56,1.28,1.54
May 2015,"1,041,493,444.00",0.00,"1,198,827,640.00","2,857,475,720.00","1,189,575,686.04",1.45,0.00,0.49,1.73,2.11
Jun 2015,"1,025,488,859.00",0.00,"1,229,875,720.00","2,729,895,590.00","1,180,241,293.19",-1.54,0.00,2.59,-4.46,-0.78
Jul 2015,"1,016,193,771.00",0.00,"1,229,922,931.00","2,781,723,970.00","1,201,294,926.30",-0.91,0.00,0.00,1.90,1.78
Ago 2015,"1,033,884,007.00",0.00,"1,201,408,499.00","2,829,343,690.00","1,212,131,086.93",1.74,0.00,-2.32,1.71,0.90
Sep 2015,"984,017,892.00",0.00,"1,198,301,768.00","2,883,216,880.00","1,232,032,571.55",-4.82,0.00,-0.26,1.90,1.64
Oct 2015,"893,970,427.00",0.00,"1,206,572,942.00","2,936,971,320.00","1,251,191,270.33",-9.15,0.00,0.69,1.86,1.56
Nov 2015,"847,331,781.00",0.00,"1,216,207,031.00","2,972,306,570.00","1,257,370,272.16",-5.22,0.00,0.80,1.20,0.49
Dic 2015,"865,339,283.00",0.00,"1,233,710,494.00","2,870,399,920.00","1,229,573,680.28",2.13,0.00,1.44,-3.43,-2.21
Ene 2016,"826,603,578.00",0.00,"1,211,355,222.00","2,944,308,800.00","1,273,163,231.02",-4.48,0.00,-1.81,2.57,3.55
Feb 2016,"816,337,223.00",0.00,"1,226,662,506.00","2,972,373,730.00","1,294,255,634.46",-1.24,0.00,1.26,0.95,1.66
Mar 2016,"714,334,970.00",0.00,"1,207,817,268.00","3,045,581,870.00","1,329,653,117.42",-12.50,0.00,-1.54,2.46,2.73
Abr 2016,"679,656,508.00",0.00,"1,198,598,478.00","3,113,564,120.00","1,362,567,727.13",-4.85,0.00,-0.76,2.23,2.48
May 2016,"675,528,080.00",0.00,"1,174,916,547.00","3,056,764,590.00","1,313,167,771.63",-0.61,0.00,-1.98,-1.82,-3.63
Jun 2016,"733,204,344.00",0.00,"1,141,826,200.00","2,936,866,580.00","1,222,482,005.51",8.54,0.00,-2.82,-3.92,-6.91
Jul 2016,"764,553,613.00",0.00,"1,144,165,520.00","2,959,142,570.00","1,265,351,888.54",4.28,0.00,0.20,0.76,3.51
Ago 2016,"774,927,459.00",0.00,"1,206,705,802.00","3,021,638,090.00","1,270,583,377.99",1.36,0.00,5.47,2.11,0.41
Sep 2016,"764,122,117.00",0.00,"1,178,144,282.00","3,043,260,230.00","1,293,514,971.81",-1.39,0.00,-2.37,0.72,1.80
Oct 2016,"730,902,351.00",0.00,"1,155,978,679.00","3,017,252,610.00","1,288,701,932.71",-4.35,0.00,-1.88,-0.85,-0.37
Nov 2016,"746,743,945.00",0.00,"1,173,400,187.00","2,939,160,640.00","1,277,453,866.63",2.17,0.00,1.51,-2.59,-0.87
Dic 2016,"762,360,520.00",0.00,"1,157,862,012.00","2,766,793,270.00","1,290,932,863.42",2.09,0.00,-1.32,-5.86,1.06
Ene 2017,"776,400,601.00",0.00,"1,173,326,236.00","2,822,865,570.00","1,311,295,461.04",1.84,0.00,1.34,2.03,1.58
Feb 2017,"780,779,682.00",0.00,"1,162,271,406.00","2,869,315,150.00","1,335,510,684.84",0.56,0.00,-0.94,1.65,1.85
Mar 2017,"793,414,843.00",0.00,"1,192,428,073.00","2,968,009,300.00","1,373,446,350.31",1.62,0.00,2.59,3.44,2.84
Abr 2017,"856,266,198.00",0.00,"1,177,571,696.00","2,993,713,540.00","1,413,284,733.61",7.92,0.00,-1.25,0.87,2.90
May 2017,"810,046,377.00",0.00,"1,205,465,305.00","3,009,270,440.00","1,429,005,368.29",-5.40,0.00,2.37,0.52,1.11
Jun 2017,"878,598,493.00",0.00,"1,199,138,581.00","2,949,193,520.00","1,449,708,141.99",8.46,0.00,-0.52,-2.00,1.45
Jul 2017,"880,092,517.00",0.00,"1,215,780,544.00","2,968,120,210.00","1,465,146,223.29",0.17,0.00,1.39,0.64,1.06
Ago 2017,"896,874,706.00",0.00,"1,230,470,726.00","3,025,182,890.00","1,492,385,730.53",1.91,0.00,1.21,1.92,1.86
Sep 2017,"887,539,470.00",0.00,"1,256,248,149.00","3,053,908,260.00","1,531,112,320.02",-1.04,0.00,2.09,0.95,2.59
Oct 2017,"903,294,365.00",0.00,"1,238,408,372.00","3,028,204,960.00","1,514,635,080.86",1.78,0.00,-1.42,-0.84,-1.08
Nov 2017,"886,755,033.00",0.00,"1,267,560,250.00","3,024,359,550.00","1,547,772,335.38",-1.83,0.00,2.35,-0.13,2.19
Dic 2017,"884,562,661.00",0.00,"1,261,073,780.00","2,839,372,280.00","1,458,798,996.79",-0.25,0.00,-0.51,-6.12,-5.75
Ene 2018,"889,624,588.00",0.00,"1,277,283,348.00","2,878,250,000.00","1,476,754,282.99",0.57,0.00,1.29,1.37,1.23
Feb 2018,"881,109,603.00",0.00,"1,266,997,662.00","2,914,605,510.00","1,490,727,686.97",-0.96,0.00,-0.81,1.26,0.95
Mar 2018,"847,681,283.00",0.00,"1,275,611,340.00","3,046,035,610.00","1,516,505,105.11",-3.79,0.00,0.68,4.51,1.73
Abr 2018,"821,330,863.00",0.00,"1,256,820,717.00","3,129,369,940.00","1,537,358,634.17",-3.11,0.00,-1.47,2.74,1.38
May 2018,"851,483,569.00",0.00,"1,288,367,564.00","3,126,925,040.00","1,557,408,924.60",3.67,0.00,2.51,-0.08,1.30
Jun 2018,"851,234,256.00",0.00,"1,252,688,932.00","2,984,351,620.00","1,559,125,619.22",-0.03,0.00,-2.77,-4.56,0.11
Jul 2018,"971,898,169.00",0.00,"1,260,846,768.00","2,921,470,560.00","1,595,874,541.97",14.18,0.00,0.65,-2.11,2.36
Ago 2018,"948,620,228.00",0.00,"1,270,666,866.00","2,932,241,620.00","1,614,573,942.09",-2.40,0.00,0.78,0.37,1.17
Sep 2018,"977,141,114.00",0.00,"1,262,306,807.00","2,986,336,020.00","1,635,288,515.75",3.01,0.00,-0.66,1.84,1.28
Oct 2018,"945,205,874.00",0.00,"1,250,342,786.00","2,903,532,580.00","1,596,652,308.96",-3.27,0.00,-0.95,-2.77,-2.36
Nov 2018,"972,172,833.00",0.00,"1,281,265,790.00","2,906,978,890.00","1,586,921,014.34",2.85,0.00,2.47,0.12,-0.61
Dic 2018,"943,891,166.00",0.00,"1,254,227,965.00","2,823,845,740.00","1,652,506,958.43",-2.91,0.00,-2.11,-2.86,4.13
Ene 2019,"882,701,376.00",0.00,"1,292,296,226.00","2,920,335,910.00","1,653,809,056.80",-6.48,0.00,3.04,3.42,0.08
Feb 2019,"868,455,510.00",0.00,"1,288,792,044.00","2,997,839,780.00","1,679,081,903.46",-1.61,0.00,-0.27,2.65,1.53
Mar 2019,"805,130,151.00",0.00,"1,304,737,738.00","3,091,166,690.00","1,726,892,762.64",-7.29,0.00,1.24,3.11,2.85
Abr 2019,"844,946,136.00",0.00,"1,348,430,638.00","3,131,747,640.00","1,772,060,030.88",4.95,0.00,3.35,1.31,2.62
May 2019,"829,602,078.00",0.00,"1,389,971,334.00","3,207,799,750.00","1,804,908,610.17",-1.82,0.00,3.08,2.43,1.85
Jun 2019,"926,705,403.00",0.00,"1,365,674,901.00","3,246,020,650.00","1,658,689,011.83",11.70,0.00,-1.75,1.19,-8.10
Jul 2019,"913,786,768.00",0.00,"1,397,669,107.00","3,317,630,180.00","1,693,976,706.01",-1.39,0.00,2.34,2.21,2.13
Ago 2019,"926,693,092.00",0.00,"1,394,602,607.00","3,464,894,140.00","1,761,074,478.08",1.41,0.00,-0.22,4.44,3.96
Sep 2019,"908,946,891.00",0.00,"1,425,974,363.00","3,551,367,630.00","1,778,354,895.59",-1.92,0.00,2.25,2.50,0.98
Oct 2019,"992,185,196.00",0.00,"1,420,031,824.00","3,672,422,910.00","1,828,992,417.39",9.16,0.00,-0.42,3.41,2.85
Nov 2019,"1,053,150,846.00",0.00,"1,466,541,308.00","3,700,954,360.00","1,844,957,543.86",6.14,0.00,3.28,0.78,0.87
Dic 2019,"1,115,855,310.00",0.00,"1,418,770,542.00","3,457,615,190.00","1,839,287,021.09",5.95,0.00,-3.26,-6.58,-0.31
Ene 2020,"1,060,281,803.00",0.00,"1,410,529,173.00","3,576,424,500.00","1,911,711,785.38",-4.98,0.00,-0.58,3.44,3.94
Feb 2020,"990,122,940.00",0.00,"1,444,522,099.00","3,597,994,330.00","1,941,579,352.59",-6.62,0.00,2.41,0.60,1.56
